mode,beta,alpha,seed,trace_sigma_T,trace_sigma_0,kl_T,gini_T,entropy_T,drop_pct
closed_loop,0.0,0.0,0,26.339325908693493,29.811911999542403,0.6982387719638079,0.6581355555555566,4.925384097220899,11.64831725956461
closed_loop,0.0,0.0,1,28.592164963396964,31.207197814918434,0.6886994985622424,0.5550288888888903,5.150896610099524,8.379582386827977
closed_loop,0.0,0.0,2,27.827473879471007,29.625598957513727,0.5052676202942743,0.7749266666666673,4.492353966906198,6.069497803644152
closed_loop,0.0,0.3,0,27.96853592026472,30.037178094609775,0.8037519054019839,0.473126716359359,5.326572063308591,6.886939138654558
closed_loop,0.0,0.3,1,25.105238888725022,31.173002733183566,1.4038042033520226,0.23994341943419706,5.6121107523521285,19.46480387659103
closed_loop,0.0,0.3,2,27.276669232750503,29.667318489508027,0.5403755276715896,0.5198878266411735,5.247987729861293,8.058191230201627
closed_loop,0.0,0.7,0,29.28580566173716,30.03196377831053,0.15968215787655549,0.6087564901349963,5.0259026339579735,2.4845465387523302
closed_loop,0.0,0.7,1,31.031509468330103,31.19288209493141,0.33783529815083013,0.4148002726653047,5.405023734366565,0.5173379814990775
closed_loop,0.0,0.7,2,29.664222899417567,29.619756582457924,0.2830206986130068,0.5051078582434532,5.274624762564909,-0.15012384330659323
closed_loop,0.0,0.9,0,31.071244345969685,30.03413953757628,0.46437297231192365,0.5015711675801386,5.282889598847854,-3.453086468802824
closed_loop,0.0,0.9,1,33.4067312733207,31.19288209493141,0.36050746922919674,0.43605666666666854,5.381258950437255,-7.097289604890422
closed_loop,0.0,0.9,2,30.962216989425706,29.74027125803283,0.40769329517814934,0.43402061855670415,5.389414725952446,-4.108724230492111
closed_loop,0.005,0.0,0,9.189754374519476,29.48824335129444,3.709746905237851,0.7742200000000007,4.510887147670905,68.83587040081831
closed_loop,0.005,0.0,1,1.6460858272732777,31.059682589580568,9.055739005588434,0.7786866666666674,4.451768581590216,94.70024903659035
closed_loop,0.005,0.0,2,8.039648946863133,29.386737406006404,2.7978027596145845,0.8112688888888895,4.321751333344063,72.64191381374683
closed_loop,0.005,0.3,0,1.5772084504187631,29.20199136634662,8.155871140205377,0.6510088551549666,4.949071659915505,94.59896953385038
closed_loop,0.005,0.3,1,1.7329002889142158,29.93471710196328,10.688196913395664,0.4282610307749378,5.403979939358701,94.21106842930357
closed_loop,0.005,0.3,2,2.468692066086565,28.730950142461335,8.51930727024904,0.592560311284049,5.089488135617831,91.4075515990747
closed_loop,0.005,0.7,0,0.8435063737368761,28.46706225621183,17.009930341996224,0.6428589743589757,4.894982380573489,97.03690403264983
closed_loop,0.005,0.7,1,0.6020365310498291,28.51525019830236,16.721783121747794,0.5569418713921349,5.140012034971239,97.88872085335701
closed_loop,0.005,0.7,2,0.6562202449340048,27.78435841531251,16.74718010613729,0.5803974411324366,5.064915572635353,97.63816664353008
closed_loop,0.005,0.9,0,0.984871966329064,28.240592436283208,19.512576633545038,0.5685670731707331,5.088240331820634,96.51256619863359
closed_loop,0.005,0.9,1,0.755682102226005,27.770326829169523,19.049847575800044,0.5415456674473085,5.162062096595122,97.27881451711167
closed_loop,0.005,0.9,2,0.600575726608869,27.330616661606832,19.166212472001234,0.5561654259718796,5.134291852444298,97.80255332675118
closed_loop,0.02,0.0,0,4.645232324650779,28.530324551212548,12.403890258792572,0.7990088888888895,4.374717515777102,83.71826329450796
closed_loop,0.02,0.0,1,0.3209872850263704,30.785752231700844,19.75195728356328,0.779062222222223,4.452827838491063,98.95735117137777
closed_loop,0.02,0.0,2,0.5699569448484522,28.58720428172291,13.63467582380744,0.8632266666666673,4.0334381491825555,98.00625154096355
closed_loop,0.02,0.3,0,6.853714303897572,26.728615267004244,13.041844761296172,0.4663437796771147,5.310757562641425,74.35813926223743
closed_loop,0.02,0.3,1,7.62503824612901,26.647728141185755,14.21298659696251,0.5954566314823327,5.076267278530983,71.38578491295839
closed_loop,0.02,0.3,2,6.045964461444311,26.383863925116124,13.113335430945288,0.6194146712276717,5.030579835435273,77.08461323707459
closed_loop,0.02,0.7,0,4.284328712929,24.353881937312657,16.250875840498274,0.6013081873970978,5.063384002561849,82.40802544761881
closed_loop,0.02,0.7,1,3.917994757961767,22.36029209273078,15.707404416899593,0.5438134318150749,5.179238288700557,82.47789097873418
closed_loop,0.02,0.7,2,2.319102667102732,23.265238142148377,16.110781009611156,0.5512173202614399,5.130793027659409,90.03189800623042
closed_loop,0.02,0.9,0,3.9206320537734247,23.368062841812726,16.28354824013853,0.5482566666666682,5.150041852959038,83.22226330734529
closed_loop,0.02,0.9,1,6.912791781891124,20.44977452399803,16.208568939766046,0.5140213634935615,5.240306432354668,66.19624449267698
closed_loop,0.02,0.9,2,5.861704448722237,22.06861879421771,16.110477165149298,0.5315627996164923,5.191966805116689,73.43873441568492
closed_loop,0.05,0.0,0,12.933071415396102,27.008690913159285,8.758823718233366,0.6681400000000008,4.896599533404311,52.1151489460202
closed_loop,0.05,0.0,1,0.7311838400356031,30.3312162257417,15.457164125329024,0.7805022222222229,4.447954600080863,97.58933557232349
closed_loop,0.05,0.0,2,0.47620871414952864,27.701458914214456,15.020654902649428,0.8596111111111117,4.049848523463091,98.28092550784329
closed_loop,0.05,0.3,0,15.83426686909775,22.892667890517536,9.150891759588125,0.5640551761082113,5.140806934530641,30.832583843770678
closed_loop,0.05,0.3,1,10.672227875400969,21.466635788593365,10.006950206797246,0.6141138835572629,5.025010163797317,50.284581242712356
closed_loop,0.05,0.3,2,12.669537270640348,22.875962120505406,8.806046768134113,0.6333807829181508,4.998665990457794,44.61637414898624
closed_loop,0.05,0.7,0,10.006400718720625,18.5988362066081,10.510231250626019,0.5409145187126858,5.169368090414913,46.198780356131174
closed_loop,0.05,0.7,1,6.380492098877082,14.67354070777688,10.904431236011154,0.5673649484536096,5.115502281918211,56.51702458224372
closed_loop,0.05,0.7,2,3.133508725477208,17.75970540969969,11.134919911023355,0.5873049074818996,5.058741881285086,82.35607712408449
closed_loop,0.05,0.9,0,14.82465664552925,16.694800898748007,10.056963016658903,0.5396714513556635,5.157877752277857,11.201956013497616
closed_loop,0.05,0.9,1,10.354570847183307,12.40926337041184,11.47340969395895,0.5187601335240841,5.23953233606497,16.557731606596892
closed_loop,0.05,0.9,2,12.050832755967244,16.073693570548,11.290830524266834,0.5401238793806047,5.1514677363963095,25.027606734720177
static,0.0,0.0,0,29.768524768933652,29.811911999542403,0.380328263183521,0.6423800000000008,4.956951140490794,0.14553655803565269
static,0.0,0.0,1,29.225166346736895,31.207197814918434,1.390972866141786,0.612071229827492,4.991009254754437,6.351199745444747
static,0.0,0.0,2,29.092669474575356,29.625598957513727,0.4878115286275335,0.7377266666666675,4.624233590312118,1.7988817161220916
static,0.0,0.3,0,30.974723939007653,30.037178094609775,0.1226115224209221,0.5236062176165814,5.236913712215259,-3.121284700729343
static,0.0,0.3,1,25.2548594470735,31.173002733183566,1.0821716195894702,0.2640249759846336,5.595290866374407,18.984835489749663
static,0.0,0.3,2,24.175617818500935,29.667318489508027,0.7961051880040138,0.34993697719720607,5.510005696127436,18.510943862180383
static,0.0,0.7,0,29.564729657252744,30.03196377831053,0.29124958984689975,0.43263354700855006,5.390079146171674,1.5557894399007899
static,0.0,0.7,1,30.93945814816301,31.19288209493141,0.36579115494320913,0.4024941045914848,5.4277852241579705,0.8124415884275704
static,0.0,0.7,2,28.957220715861915,29.619756582457924,0.20213520655005968,0.5715166529039374,5.12655607513276,2.236803887133876
static,0.0,0.9,0,29.318370167053473,30.03413953757628,0.22212954415499508,0.41562937632307617,5.424108847538033,2.3831858729539857
static,0.0,0.9,1,32.36230799003951,31.19288209493141,0.5176827972093851,0.3644899285250178,5.477048098235848,-3.7490152129870724
static,0.0,0.9,2,31.21616114825933,29.74027125803283,0.4560931888120301,0.49114219114219304,5.27919133973446,-4.962597272302505
static,0.005,0.0,0,8.075277572296152,29.48824335129444,3.6539199714677792,0.7239000000000007,4.698123085439975,72.61526406949679
static,0.005,0.0,1,2.183922692635842,31.059682589580568,7.573975038228323,0.817813333333334,4.293133096086448,92.96862520620712
static,0.005,0.0,2,6.997461514278801,29.386737406006404,5.42554524090146,0.8188022222222229,4.265150668853446,76.18836886313014
static,0.005,0.3,0,1.9941405613249938,29.20199136634662,8.269063052503036,0.6192147198948594,5.023449894424195,93.17121720807332
static,0.005,0.3,1,1.107861623718086,29.93471710196328,11.588018061931507,0.40249271137026454,5.440679215603855,96.29907434920965
static,0.005,0.3,2,2.151408000431835,28.730950142461335,10.445587107019879,0.34886470037453365,5.5137273761993715,92.51188008136118
static,0.005,0.7,0,0.6723453660624612,28.46706225621183,17.634215601353795,0.5539027283511282,5.133417842595958,97.63816385403187
static,0.005,0.7,1,0.8957336511978199,28.51525019830236,16.89391863754082,0.5834761702729476,5.095655249818442,96.85875577114471
static,0.005,0.7,2,0.9790708580522504,27.78435841531251,17.171080543232137,0.6166019801980208,5.018161205166727,96.47617971443722
static,0.005,0.9,0,1.1177521539195931,28.240592436283208,19.061751379801212,0.5345336658354127,5.17838775310694,96.0420371617859
static,0.005,0.9,1,1.1456664528621736,27.770326829169523,18.35693867817246,0.5120108608848439,5.229033141256817,95.87449416814647
static,0.005,0.9,2,1.3134192986440658,27.330616661606832,18.309523815812234,0.5582950285248589,5.1371477593301496,95.19432980636286
static,0.02,0.0,0,4.615698371108969,28.530324551212548,13.278729722046474,0.7749466666666674,4.502671778921196,83.82178105677104
static,0.02,0.0,1,0.2555657596974735,30.785752231700844,17.761648360860097,0.8885422222222226,3.804293626350568,99.16985702420385
static,0.02,0.0,2,0.44586523469590345,28.58720428172291,18.963233089033494,0.8568933333333338,4.063287774572598,98.44033284856411
static,0.02,0.3,0,5.182534625221487,26.728615267004244,13.989234762818343,0.6397695631301018,4.975202086015436,80.61053828097415
static,0.02,0.3,1,3.842402056199038,26.647728141185755,13.90560145070037,0.4792807845986219,5.3274246106946705,85.58075181553522
static,0.02,0.3,2,7.192826485353456,26.383863925116124,12.672919756687104,0.34786934441366757,5.513511668611581,72.73778205584875
static,0.02,0.7,0,3.1051686008204684,24.353881937312657,14.933370476757279,0.5512200435729866,5.1399404260830615,87.24980022152842
static,0.02,0.7,1,4.142700175244224,22.36029209273078,15.481491800578016,0.5906655192197374,5.087108947658395,81.47296037965891
static,0.02,0.7,2,4.135562639453354,23.265238142148377,14.819790887372509,0.6161670761670774,5.003703065715284,82.22428408346623
static,0.02,0.9,0,7.671748250626721,23.368062841812726,14.08854004146491,0.5374129806961561,5.173342039101698,67.16994342851741
static,0.02,0.9,1,7.7160208180296,20.44977452399803,14.114925802564063,0.5176352201257873,5.243082156345501,62.268430837832625
static,0.02,0.9,2,8.875160788423242,22.06861879421771,14.403585118340562,0.5609908998988893,5.134261456410645,59.78379584521774
static,0.05,0.0,0,10.041015416471325,27.008690913159285,9.928066427079955,0.7329466666666673,4.654834829685946,62.823020750039014
static,0.05,0.0,1,0.7531998252388945,30.3312162257417,15.580834102669765,0.880286666666667,3.8740153263396193,97.51675033525473
static,0.05,0.0,2,0.9709107601314271,27.701458914214456,16.164857334728076,0.8575711111111115,4.053519741635469,96.49509160099426
static,0.05,0.3,0,11.913452809090868,22.892667890517536,8.741123685829587,0.5657932656962235,5.151768317071092,47.95952631617223
static,0.05,0.3,1,5.713737667988745,21.466635788593365,9.621718263413918,0.48153267512929243,5.325909036286384,73.38317133500337
static,0.05,0.3,2,11.56280647628737,22.875962120505406,8.37354144976428,0.3072775656600737,5.552836656584845,49.45433807165305
static,0.05,0.7,0,12.001972644515082,18.5988362066081,9.74912428512518,0.5327236421725257,5.181061706188777,35.46922769151103
static,0.05,0.7,1,6.785885511020364,14.67354070777688,10.02504936819151,0.5919861231569828,5.083178680778161,53.75427344932577
static,0.05,0.7,2,8.221775278099187,17.75970540969969,9.884139206869602,0.5873937360178989,5.073186319047564,53.705452379808285
static,0.05,0.9,0,13.444054019122307,16.694800898748007,9.653630508416219,0.5232355816226804,5.219197527548641,19.47161214644664
static,0.05,0.9,1,13.765473626174101,12.40926337041184,9.920600192967932,0.5330340003253631,5.18887386909053,-10.929015004999876
static,0.05,0.9,2,16.63041106449684,16.073693570548,10.770657861232127,0.579241366970837,5.100498872796442,-3.46353183545145
fresh_oracle,0.0,0.0,0,29.739340711806964,29.811911999542403,0.40641977603537166,0.7894444444444451,4.374107352239661,0.24343050434522118
fresh_oracle,0.0,0.0,1,28.70922447940167,31.207197814918434,0.25251657152500473,0.8123688888888894,4.263193102612684,8.004478166644692
fresh_oracle,0.0,0.0,2,28.861469237156527,29.625598957513727,0.40517757938469373,0.8113488888888896,4.305533298888124,2.57928868021553
fresh_oracle,0.0,0.3,0,29.93147048409947,30.037178094609775,0.1717739403040992,0.6051641577060942,5.062248994346572,0.3519225746751231
fresh_oracle,0.0,0.3,1,31.417217454991228,31.173002733183566,0.1883488064286638,0.6095791915175626,5.044626569180206,-0.7834173816938517
fresh_oracle,0.0,0.3,2,29.51827842570359,29.667318489508027,0.21359129570357938,0.6748443263981123,4.87627733850398,0.5023711996658742
fresh_oracle,0.0,0.7,0,30.00232594977734,30.03196377831053,0.21594865738520064,0.6089769983479488,5.025663439681134,0.09868761414327798
fresh_oracle,0.0,0.7,1,31.794014383135945,31.19288209493141,0.17679442286358737,0.5323011077542816,5.207756701978602,-1.9271457070721087
fresh_oracle,0.0,0.7,2,28.733047689798667,29.619756582457924,0.21929284575493524,0.5933054499366299,5.067588648816217,2.9936400395147222
fresh_oracle,0.0,0.9,0,30.00626887901585,30.03413953757628,0.4412990013201413,0.5766359073984146,5.0873044696133825,0.09279659410772467
fresh_oracle,0.0,0.9,1,29.607101722377934,31.19288209493141,0.3256584149174724,0.5653805250913939,5.147098100652493,5.083789204624834
fresh_oracle,0.0,0.9,2,28.867827276432884,29.74027125803283,0.5029615000343872,0.5760592138846365,5.107460396078022,2.9335441295421982
fresh_oracle,0.005,0.0,0,10.021604338158317,29.48824335129444,2.9070195399744234,0.8049066666666672,4.287667609454797,66.01491577924597
fresh_oracle,0.005,0.0,1,8.370551435402412,31.059682589580568,2.787983518871228,0.8359688888888894,4.171938962512817,73.05010631946884
fresh_oracle,0.005,0.0,2,9.120761624291108,29.386737406006404,3.031782608382037,0.8396177777777782,4.169503118746603,68.96300021918424
fresh_oracle,0.005,0.3,0,2.034909173144013,29.20199136634662,7.968101396926493,0.6242100617828782,5.016244621050246,93.03160819542904
fresh_oracle,0.005,0.3,1,2.811517378283354,29.93471710196328,8.181027718351158,0.6479080237980388,4.951467894055453,90.60783715207063
fresh_oracle,0.005,0.3,2,2.319850217507138,28.730950142461335,8.189456639083165,0.6641773231031556,4.90647982220551,91.92560564128841
fresh_oracle,0.005,0.7,0,1.0565042072395632,28.46706225621183,16.668706171766395,0.6176176100628945,5.0129176994740146,96.28867848135954
fresh_oracle,0.005,0.7,1,0.8168319182308464,28.51525019830236,16.676859656728563,0.606666666666668,5.02292091934509,97.1354558962296
fresh_oracle,0.005,0.7,2,0.6912959158885722,27.78435841531251,17.43271532272385,0.640467348743212,4.94318664678881,97.51192413531642
fresh_oracle,0.005,0.9,0,1.4162506445443428,28.240592436283208,18.112314483169627,0.5614016736401688,5.146753112595178,94.98505334921813
fresh_oracle,0.005,0.9,1,1.2711946854205531,27.770326829169523,18.670205956616996,0.5686307638155595,5.122034193776174,95.42247128296196
fresh_oracle,0.005,0.9,2,1.3782017481189393,27.330616661606832,18.52750210511843,0.5790075290896661,5.107778479270893,94.95729728610553
fresh_oracle,0.02,0.0,0,2.4712239235455886,28.530324551212548,9.766461172198799,0.8254488888888895,4.198257448769354,91.33825512882025
fresh_oracle,0.02,0.0,1,1.8159249066539611,30.785752231700844,10.168068378142221,0.8567244444444451,4.064487998884088,94.10141128601673
fresh_oracle,0.02,0.0,2,2.070629349835177,28.58720428172291,10.345636201151104,0.8508133333333339,4.1128541234480664,92.75679660931718
fresh_oracle,0.02,0.3,0,7.950745281469751,26.728615267004244,14.213272215284821,0.6318958242397802,4.995673245810605,70.25380775604664
fresh_oracle,0.02,0.3,1,5.645372069601343,26.647728141185755,14.320562768059107,0.6340851405622507,4.986385161857431,78.81480912860238
fresh_oracle,0.02,0.3,2,6.370468122880822,26.383863925116124,14.918803063315323,0.6815578947368431,4.86272659326384,75.85468094831836
fresh_oracle,0.02,0.7,0,4.5629691344214285,24.353881937312657,16.74500572486813,0.6406437125748516,4.941546234808399,81.26389400192299
fresh_oracle,0.02,0.7,1,2.5099594258577707,22.36029209273078,16.53963821679529,0.6205768500948781,4.9893993900104165,88.77492558930504
fresh_oracle,0.02,0.7,2,1.3781407275495967,23.265238142148377,17.69555833968868,0.6508140403286047,4.892785751179442,94.07639535374928
fresh_oracle,0.02,0.9,0,10.514302187934884,23.368062841812726,15.793898385259492,0.5772102564102577,5.092187605321227,55.005674800216944
fresh_oracle,0.02,0.9,1,8.750968045221802,20.44977452399803,15.87051575537667,0.5757018425460652,5.109387184403368,57.2075084008753
fresh_oracle,0.02,0.9,2,8.970524143935291,22.06861879421771,15.912999979028067,0.5969085606450517,5.057077259741617,59.351673851533945
fresh_oracle,0.05,0.0,0,4.825129434902726,27.008690913159285,9.368551493769811,0.8257377777777782,4.185445893207758,82.13490076058517
fresh_oracle,0.05,0.0,1,3.9426531670476734,30.3312162257417,11.513527904436549,0.8637355555555561,4.019851480335044,87.00133506779198
fresh_oracle,0.05,0.0,2,5.656067572088513,27.701458914214456,10.936744558168323,0.8427466666666672,4.152955011371287,79.58205887421252
fresh_oracle,0.05,0.3,0,15.820145781483173,22.892667890517536,10.604224456519857,0.6502705139765562,4.9455881322734445,30.894267731739124
fresh_oracle,0.05,0.3,1,12.863907877022926,21.466635788593365,10.29029891936634,0.6701832867350119,4.890117682068567,40.07487710832469
fresh_oracle,0.05,0.3,2,12.418282210764598,22.875962120505406,10.104178415069178,0.6726658322903635,4.8892996763247165,45.714710728458584
fresh_oracle,0.05,0.7,0,7.412125186850758,18.5988362066081,11.710224130321686,0.6245361080143703,4.981937382406732,60.147371026272836
fresh_oracle,0.05,0.7,1,5.136879595560195,14.67354070777688,11.199873995148963,0.6340409956076147,4.967536572307742,64.99222854346475
fresh_oracle,0.05,0.7,2,3.851741255865113,17.75970540969969,10.920708175961362,0.6415210355987069,4.920567130612122,78.31190795675342
fresh_oracle,0.05,0.9,0,18.84799109990446,16.694800898748007,10.895820863852853,0.5781568824218113,5.095689799155471,-12.897369751309373
fresh_oracle,0.05,0.9,1,16.99584217727313,12.40926337041184,10.754041580583849,0.5375691562932249,5.188477809098777,-36.96092725211513
fresh_oracle,0.05,0.9,2,16.27747939941718,16.073693570548,10.557646768780561,0.5688474166234677,5.120639365068895,-1.2678220346478586
