seen_filter,seed,cluster,tr_closed,tr_static,tr_gap,loewner_psd,min_eig_diff,disp_closed,disp_static,disp_gap
True,0,0,29.100687648648925,27.46425056227806,1.636437086370865,0.0,-5.3035779884429,41.528898979068046,34.753328951728946,6.7755700273391
True,0,1,25.127946032028532,28.24406008830404,-3.1161140562755065,0.0,-2.197263746847741,31.786245248886566,41.25027168925036,-9.464026440363796
True,0,2,26.525488809688408,29.530971228803775,-3.005482419115367,0.0,-2.5648779364225525,48.25799900385629,52.17125408363424,-3.9132550797779473
True,1,0,29.960915473934904,30.218874915013433,-0.25795944107852975,0.0,-2.9907287557936106,60.72883542972423,55.30666474120383,5.422170688520396
True,1,1,28.16202756768078,28.271687719427486,-0.10966015174670574,0.0,-1.022313799035883,36.555146562209174,37.54424750377594,-0.9891009415667682
True,1,2,25.577657112628213,28.117812243458104,-2.5401551308298913,0.0,-3.2330463233083506,35.79434495922821,47.477308024738804,-11.682963065510592
True,2,0,29.321767335811735,26.89226169144778,2.4295056443639567,0.0,-6.289860863112699,71.59373374837313,42.52670233103979,29.067031417333332
True,2,1,26.635440166493016,28.69836883143057,-2.062928664937555,0.0,-1.492425507294694,55.12886330489831,64.60591801547729,-9.477054710578976
True,2,2,30.226950845835223,27.602226471666206,2.6247243741690163,0.0,-5.18706964569338,31.29250126582601,31.300069284866527,-0.00756801904051585
True,3,0,29.216909600794644,26.270607096320752,2.9463025044738913,0.0,-7.341139148398504,225.25786766630495,142.13389428081234,83.1239733854926
True,3,1,27.68334579723862,29.94678775117035,-2.263441953931732,0.0,-1.2477864929363023,58.521612292008264,66.95458772628503,-8.432975434276763
True,3,2,29.572610934499316,29.526923719271483,0.04568721522783292,0.0,-1.3957426837695859,37.173004174495816,37.095779531091125,0.0772246434046906
True,4,0,27.09954332713742,27.851896081289013,-0.7523527541515911,0.0,-7.351561093422252,73.51063717898336,51.51417478769839,21.99646239128497
True,4,1,25.775502068704647,28.402160238493558,-2.626658169788911,0.0,-1.0257147829765205,66.35369079185483,80.01934224244056,-13.665651450585727
True,4,2,21.322246370150662,29.308474479780763,-7.986228109630101,0.0,-0.2115009066733763,78.08407724862937,117.35836727639891,-39.27429002776954
True,5,0,28.09665188491558,25.717924275904984,2.378727609010596,0.0,-10.2799598452978,118.10838667948026,69.56560367667778,48.54278300280248
True,5,1,24.23513395556927,27.468582000081785,-3.2334480445125138,0.0,-0.15403300779900791,24.217831305246044,29.921479816020586,-5.703648510774542
True,5,2,18.653614443104015,29.634881101699154,-10.981266658595139,0.0,-0.11333092705550306,40.70285480238519,69.03715674497678,-28.334301942591594
True,6,0,27.698883236311637,28.676467192617523,-0.9775839563058852,0.0,-5.1401813327404255,35.96874106056264,32.29016783652819,3.6785732240344515
True,6,1,21.618933248778475,27.004914143518228,-5.3859808947397525,0.0,-0.7811534520914643,24.528893978427043,33.86622492097095,-9.337330942543907
True,6,2,28.540563791943804,26.812496939957168,1.728066851986636,0.0,-5.919448284199575,59.115673681922814,38.65986354237658,20.455810139546237
True,7,0,31.16888293113187,28.095681735018196,3.073201196113672,0.0,-7.228138072221375,46.12752605798819,37.73143309979663,8.39609295819156
True,7,1,22.267979595611326,29.336978513578437,-7.068998917967111,0.0,-0.7128285403159054,33.87890738572737,48.75355777860772,-14.874650392880348
True,7,2,27.901042754110826,25.391172096295406,2.5098706578154193,0.0,-4.952767486163476,65.80227561365052,57.104932183700505,8.697343429950017
True,8,0,30.277206286888667,25.761189725506426,4.516016561382241,0.0,-9.585757850577501,57.04214581419542,37.04777627352146,19.994369540673965
True,8,1,28.137215447244714,29.24322962541576,-1.1060141781710477,0.0,-3.4567875915564406,76.40170677127539,104.48858104611499,-28.0868742748396
True,8,2,24.338184891726176,27.95179966472367,-3.6136147729974937,0.0,-6.577964775277632,28.749251400648447,41.04842365266667,-12.299172252018224
True,9,0,30.13179706928412,29.062006976967247,1.0697900923168717,0.0,-3.2832689244542523,55.26007524691815,54.00516337933217,1.2549118675859816
True,9,1,24.694217073319404,23.829325531848184,0.8648915414712199,0.0,-4.636946165538249,21.757323593189362,28.69024899118935,-6.932925397999988
True,9,2,29.570296910641794,28.821314377296446,0.7489825333453481,0.0,-4.098395344171206,42.744403608393796,42.12555003924951,0.6188535691442851
True,10,0,29.17004259316377,25.709057670485667,3.4609849226781044,0.0,-6.7186466136731955,96.1895661209776,57.33618752155815,38.85337859941945
True,10,1,26.7869920154157,27.395569526146552,-0.6085775107308535,0.0,-1.283110196359934,46.63942458288842,47.845275598829275,-1.2058510159408584
True,10,2,25.225040210111796,28.826428445860586,-3.6013882357487894,0.0,-0.5340328328082996,35.64498621098199,43.248352574941464,-7.6033663639594735
True,11,0,29.99845805082614,28.7849639255391,1.213494125287042,0.0,-4.813417894849022,44.035285307344,37.57992262824367,6.455362679100325
True,11,1,26.950039782518296,29.813528260316566,-2.8634884777982705,0.0,-0.7160816029124498,58.33579074340118,72.27464329569317,-13.938852552291983
True,11,2,30.40799170206772,29.856127450871334,0.5518642511963847,0.0,-2.127653142783123,57.68572966297522,55.29407494993346,2.39165471304176
True,12,0,29.586248343383836,30.37993336299433,-0.7936850196104928,0.0,-3.337077182713722,117.32982208196267,124.68401423417438,-7.354192152211709
True,12,1,28.315471498125568,28.705555086006083,-0.39008358788051467,0.0,-2.5863843265115207,64.87895850509943,66.72450883548073,-1.8455503303813003
True,12,2,30.839727193122567,27.022155795573653,3.817571397548914,0.0,-5.144202446812187,47.17413837237173,36.46309634786222,10.71104202450951
True,13,0,29.40539965217858,26.95193032357566,2.453469328602921,0.0,-8.496412499646405,53.624252252581314,45.26742173724969,8.356830515331623
True,13,1,24.477865721024102,28.74012685336379,-4.262261132339688,0.0,-0.3395202576202967,81.56736421914812,105.03361635397036,-23.46625213482224
True,13,2,27.590372210864132,30.094816868090096,-2.5044446572259638,0.0,-1.4277383741811616,33.39160350340216,40.958126833318126,-7.566523329915967
True,14,0,25.907684219131642,28.83477498119408,-2.927090762062438,0.0,-3.574156314372624,46.58603288150236,43.40187551954081,3.184157361961553
True,14,1,28.86643073383065,27.645015609566066,1.2214151242645848,0.0,-2.1943467863965918,37.752159435820786,34.72728803215997,3.0248714036608177
True,14,2,27.497567681827647,28.133833187131216,-0.6362655053035695,0.0,-3.2374196450705046,73.84383719098773,93.84805735736926,-20.00422016638153
False,0,0,3.644896520329582,3.752621418038066,-0.10772489770848415,0.0,-0.30709601788653584,1.1130669334860075,1.6001127239626136,-0.4870457904766061
False,0,1,3.290828960954686,3.091187836445095,0.19964112450959082,0.0,-0.23376176750256683,1.144579317241167,1.3960178291342134,-0.25143851189304645
False,0,2,3.166148461255162,3.014440951515487,0.15170750973967495,0.0,-0.24293487052507273,1.5951444946621445,1.6320332316823567,-0.036888737020212226
False,1,0,3.388195094068938,3.384890123920539,0.0033049701483989224,0.0,-0.1043089893351098,1.7261960670976002,1.6158399937996313,0.11035607329796893
False,1,1,3.442849843180471,3.761448100172805,-0.3185982569923338,0.0,-0.10111751767725997,1.3765027898217976,1.1774018502646948,0.19910093955710284
False,1,2,3.8807273307675367,3.915468542935807,-0.03474121216827042,0.0,-0.16063512131280458,0.7481620115517895,0.9556847540288693,-0.2075227424770798
False,2,0,4.057793517887347,4.066047191038054,-0.008253673150706575,0.0,-0.21804217432668443,0.7285073821452102,0.45283008083168674,0.2756773013135234
False,2,1,4.5836197790604665,5.039292279801096,-0.45567250074062926,0.0,-0.11257908894738955,2.127102956927794,2.0286110247824496,0.09849193214534457
False,2,2,4.455119112510191,4.452238038340376,0.002881074169815534,0.0,-0.018770119900303278,1.6115398497973996,1.7522151051668153,-0.14067525536941572
False,3,0,3.205370278891263,3.205370278891263,0.0,1.0,-3.7490873974686173e-16,2.615717988010866,2.6157179880108865,-2.042810365310288e-14
False,3,1,3.4630118530188456,3.464334623013123,-0.001322769994277273,1.0,2.698656756010358e-07,3.0100724317653587,3.009782394759865,0.0002900370054934598
False,3,2,3.1261248498442886,2.989137646724449,0.13698720311983958,0.0,-0.31009551123771234,1.4535193049539838,1.847032321369248,-0.39351301641526426
False,4,0,3.7942215601127627,3.801484011949101,-0.007262451836338446,0.0,-0.0515599804977452,0.9739725012689258,1.09197006327107,-0.11799756200214429
False,4,1,4.672562796928669,4.480466425302184,0.19209637162648452,0.0,-0.7182513970252167,2.737172480386903,1.4989539680088297,1.2382185123780731
False,4,2,3.009708815116738,3.062167386216859,-0.05245857110012109,0.0,-0.07271733798557455,1.3641710462867005,1.61319785187173,-0.24902680558502954
False,5,0,3.9199639348193385,3.7562876535750807,0.16367628124425782,0.0,-0.4712894614939386,1.4496318063173197,0.9747569904356874,0.4748748158816323
False,5,1,3.8039509244506986,3.795430420864308,0.00852050358639067,0.0,-0.12369657313847861,1.338248257548421,1.3385203911974735,-0.00027213364905254167
False,5,2,3.168441331050401,3.1585591997623785,0.0098821312880224,0.0,-0.09342987664373471,1.8255693727869504,2.327352011610447,-0.5017826388234967
False,6,0,4.2567478877057505,4.122192870436314,0.1345550172694363,0.0,-0.23406124170643544,0.7544566195362008,1.1735946015118035,-0.4191379819756027
False,6,1,3.704611718552993,3.868638668084097,-0.1640269495311042,0.0,-0.1063261215968126,0.82617408740989,0.9749587238379052,-0.1487846364280152
False,6,2,4.300633753457898,3.973663337957384,0.3269704155005142,0.0,-0.43412456123433163,1.2676744220891876,1.1614001854598248,0.10627423662936275
False,7,0,3.031271642584874,2.835305733543532,0.19596590904134192,0.0,-0.8698308082669194,1.9737224436671665,2.0741386611986394,-0.1004162175314729
False,7,1,3.2328606785954808,3.3687052988135777,-0.13584462021809696,0.0,-0.21102789679318942,0.8422310119297132,1.168585425574359,-0.3263544136446459
False,7,2,3.9343404817994485,3.9574021837516624,-0.02306170195221391,0.0,-0.06359353385718866,3.031602290673556,3.027040454988432,0.004561835685123583
False,8,0,4.208301975141264,3.1544646891566246,1.0538372859846397,0.0,-1.4282806829822219,1.9474694068183407,1.9768511024992428,-0.029381695680902098
False,8,1,2.7073425470236896,2.707416641622311,-7.409459862151024e-05,1.0,2.0239624362154295e-07,1.3116829553278535,1.3116611956466135,2.1759681239963413e-05
False,8,2,4.106327526348995,4.186621832370933,-0.08029430602193788,0.0,-0.05632303065828586,1.1100974406949842,1.4086583564460362,-0.29856091575105204
False,9,0,3.688326054327045,3.4577342831172544,0.23059177120979069,0.0,-0.48497391187315,2.7746733875286695,2.370878010619104,0.40379537690956546
False,9,1,4.255181244996893,4.259748423133141,-0.00456717813624774,0.0,-0.09041954518701441,0.6264724391712351,0.6006953074442936,0.025777131726941516
False,9,2,3.8157728630648515,3.794350274508834,0.02142258855601753,0.0,-0.06472279914299042,2.600903045537257,2.759951404414999,-0.15904835887774205
False,10,0,3.755411175937071,3.677821977610077,0.07758919832699407,0.0,-0.23141203228209942,2.113020904945402,1.166269157758105,0.9467517471872968
False,10,1,2.578653645442559,2.60640975681651,-0.027756111373951065,0.0,-0.12398896329193684,1.0969608975343643,1.3911264239351135,-0.2941655264007492
False,10,2,3.5644732334594353,3.6920125440039797,-0.12753931054454437,0.0,-0.20147763813349934,1.6658688587980954,1.405108957819122,0.2607599009789734
False,11,0,4.035352669289384,4.20323951021898,-0.1678868409295955,0.0,-0.2543868808346217,1.6226274084589591,1.0183550013561629,0.6042724071027963
False,11,1,4.374767088010256,4.411481402193973,-0.03671431418371629,0.0,-0.059925544376888976,0.8738144549593256,0.8331952615431168,0.04061919341620879
False,11,2,3.387367182322244,3.3952345952415337,-0.007867412919289496,0.0,-0.07111701656485264,1.0989438401713585,0.9311692230362425,0.167774617135116
False,12,0,3.7564525673585667,3.6763134251881175,0.08013914217044915,0.0,-0.11473706729512781,1.0240229669241057,1.118503508862167,-0.09448054193806144
False,12,1,4.188174186842515,4.040436451624791,0.14773773521772426,0.0,-0.21616407985922853,1.3243405781923139,1.676061230806921,-0.35172065261460705
False,12,2,3.623239592011235,3.5788738595160443,0.04436573249519071,0.0,-0.08567725610328362,1.8841960742709336,2.146261771194766,-0.2620656969238322
False,13,0,4.542063615938206,4.536896609897172,0.005167006041033595,0.0,-0.007119689987303621,1.5467535739639056,1.5617775971144239,-0.015024023150518317
False,13,1,3.8224643427202643,3.8234972370385045,-0.0010328943182402739,0.0,-0.10444218196859911,0.3140411639420648,0.2804341411114386,0.03360702283062622
False,13,2,3.7322932704872307,3.7076370849128475,0.024656185574383205,0.0,-0.07456365287057283,0.6088198466002259,0.7512109006619259,-0.14239105406169994
False,14,0,3.638216389024727,3.6466494121099577,-0.00843302308523075,0.0,-0.3329746006326632,1.5178370944790296,0.8728368446225439,0.6450002498564857
False,14,1,4.1033490429694774,3.899213748424479,0.20413529454499857,0.0,-0.4132780265763075,1.5745050536889167,1.457452286828084,0.11705276686083277
False,14,2,2.8126771860129156,2.8813249630851994,-0.06864777707228376,0.0,-0.076038551104376,1.6315334101131391,2.0397003953051147,-0.4081669851919756
